{
  "data": [
    { "UsdaId": 2, "name": "SALTED ANCHOVIES" },
    { "UsdaId": 3, "name": "ANCHOVIES IN OIL" },
    { "UsdaId": 4, "name": "VINEGAR" },
    { "UsdaId": 5, "name": "WATER" },
    { "UsdaId": 9, "name": "GARLIC (POWDER)" },
    { "UsdaId": 10, "name": "LAMB" },
    { "UsdaId": 17, "name": "APRICOTS" },
    { "UsdaId": 23, "name": "LAUREL (DRIED)" },
    { "UsdaId": 24, "name": "SOUR BLACK CHERRIES" },
    { "UsdaId": 27, "name": "STARCH" },
    { "UsdaId": 28, "name": "PINEAPPLE" },
    { "UsdaId": 29, "name": "PINEAPPLE IN SYRUP" },
    { "UsdaId": 30, "name": "DUCK" },
    { "UsdaId": 38, "name": "RED LOBSTER" },
    { "UsdaId": 39, "name": "ORANGES" },
    { "UsdaId": 46, "name": "ASIAGO CHEESE" },
    { "UsdaId": 47, "name": "FOREST ASPARAGUS" },
    { "UsdaId": 51, "name": "EUROPEAN LOBSTER" },
    { "UsdaId": 52, "name": "OATS" },
    { "UsdaId": 63, "name": "CHARD" },
    { "UsdaId": 65, "name": "CREAM PUFF" },
    { "UsdaId": 66, "name": "LAGER BEER" },
    { "UsdaId": 67, "name": "STOUT BEER" },
    { "UsdaId": 69, "name": "SHORTBREAD BISCUITS" },
    { "UsdaId": 73, "name": "CHOCOLATE COVERED BISCUITS" },
    { "UsdaId": 74, "name": "SPONGE BISCUITS" },
    { "UsdaId": 92, "name": "BRIE CHEESE" },
    { "UsdaId": 98, "name": "MEAT AND VEGETABLES STOCK" },
    { "UsdaId": 100, "name": "STOCK FROM CUBE" },
    { "UsdaId": 106, "name": "BURRATA CHEESE" },
    { "UsdaId": 108, "name": "BUTTER" },
    { "UsdaId": 112, "name": "CACIOCAVALLO CHEESE" },
    { "UsdaId": 129, "name": "SQUID" },
    { "UsdaId": 133, "name": "CINNAMON" },
    { "UsdaId": 136, "name": "PICKLED CAPERS" },
    { "UsdaId": 137, "name": "KID" },
    { "UsdaId": 144, "name": "ARTICHOKES" },
    { "UsdaId": 147, "name": "ARTICHOKES IN OIL" },
    { "UsdaId": 148, "name": "THISTLES" },
    { "UsdaId": 149, "name": "CARROTS" },
    { "UsdaId": 151, "name": "CHESTNUTS" },
    { "UsdaId": 159, "name": "CAVIAR" },
    { "UsdaId": 160, "name": "CAULIFLOWER" },
    { "UsdaId": 164, "name": "GREEN CABBAGE" },
    { "UsdaId": 165, "name": "CHICKPEAS (DRIED)" },
    { "UsdaId": 166, "name": "CANNED CHICKPEAS" },
    { "UsdaId": 167, "name": "CANDIED CITRON" },
    { "UsdaId": 174, "name": "CUCUMBERS" },
    { "UsdaId": 181, "name": "CHICORY" },
    { "UsdaId": 186, "name": "MILK CHOCOLATE" },
    { "UsdaId": 187, "name": "WHITE CHOCOLATE" },
    { "UsdaId": 189, "name": "DARK CHOCOLATE" },
    { "UsdaId": 216, "name": "SAUERKRAUT" },
    { "UsdaId": 217, "name": "COCOA AND HAZELNUT CREAM" },
    { "UsdaId": 220, "name": "CRESS" },
    { "UsdaId": 240, "name": "BEEF EXTRACT" },
    { "UsdaId": 242, "name": "BEANS" },
    { "UsdaId": 247, "name": "STRING BEANS" },
    { "UsdaId": 249, "name": "GUINEA-HEN" },
    { "UsdaId": 252, "name": "OATMEAL" },
    { "UsdaId": 253, "name": "CHESTNUT FLOUR" },
    { "UsdaId": 254, "name": "CHICKPEA FLOUR" },
    { "UsdaId": 255, "name": "COCONUT FLOUR" },
    { "UsdaId": 256, "name": "WHEAT FLOUR (WHOLEMEAL)" },
    { "UsdaId": 257, "name": "WHEAT FLOUR (00)" },
    { "UsdaId": 258, "name": "DURUM WHEAT FLOUR" },
    { "UsdaId": 259, "name": "BUCKWHEAT FLOUR" },
    { "UsdaId": 260, "name": "CORN FLOUR" },
    { "UsdaId": 262, "name": "RICE FLOUR" },
    { "UsdaId": 263, "name": "RYE FLOUR (WHOLE RYE)" },
    { "UsdaId": 268, "name": "BROAD BEAN" },
    { "UsdaId": 270, "name": "FETA CHEESE" },
    { "UsdaId": 276, "name": "FIGS" },
    { "UsdaId": 280, "name": "DRIED FIGS" },
    { "UsdaId": 281, "name": "FENNEL" },
    { "UsdaId": 293, "name": "FONTINA CHEESE" },
    { "UsdaId": 294, "name": "PROCESSED CHEESE" },
    { "UsdaId": 304, "name": "CANNED MUSHROOMS" },
    { "UsdaId": 306, "name": "BOLETUS RUFUS CEP" },
    { "UsdaId": 307, "name": "CEPS" },
    { "UsdaId": 309, "name": "DRIED MUSHROOMS" },
    { "UsdaId": 313, "name": "HEN" },
    { "UsdaId": 314, "name": "FRESHWATER SHRIMPS" },
    { "UsdaId": 316, "name": "PRAWN" },
    { "UsdaId": 318, "name": "CHOCOLATE ICE CREAM" },
    { "UsdaId": 319, "name": "FRUIT ICE CREAM" },
    { "UsdaId": 320, "name": "ICE MILK" },
    { "UsdaId": 333, "name": "CRAB" },
    { "UsdaId": 342, "name": "ENDIVE" },
    { "UsdaId": 350, "name": "LARD" },
    { "UsdaId": 351, "name": "WATER BUFFALO MILK" },
    { "UsdaId": 353, "name": "ALMOND MILK" },
    { "UsdaId": 354, "name": "SHEEP'S MILK" },
    { "UsdaId": 355, "name": "SOY MILK" },
    { "UsdaId": 357, "name": "COW'S MILK (FULL-FAT)" },
    { "UsdaId": 365, "name": "COW'S MILK (SKIMMED)" },
    { "UsdaId": 371, "name": "LETTUCE" },
    { "UsdaId": 379, "name": "LEMON" },
    { "UsdaId": 390, "name": "MAYONNAISE" },
    { "UsdaId": 391, "name": "CORN" },
    { "UsdaId": 398, "name": "MARGARINE" },
    { "UsdaId": 410, "name": "APPLE" },
    { "UsdaId": 414, "name": "EGGPLANTS" },
    { "UsdaId": 425, "name": "MERINGUE" },
    { "UsdaId": 428, "name": "HONEY" },
    { "UsdaId": 429, "name": "BLACKCURRANT" },
    { "UsdaId": 431, "name": "MONTASIO CHEESE" },
    { "UsdaId": 432, "name": "MULBERRY" },
    { "UsdaId": 437, "name": "WATER BUFFALO MOZZARELLA" },
    { "UsdaId": 441, "name": "HAZELNUTS" },
    { "UsdaId": 443, "name": "NUTMEG" },
    { "UsdaId": 448, "name": "COCONUT OIL" },
    { "UsdaId": 452, "name": "OLIVE OIL" },
    { "UsdaId": 455, "name": "PALM OIL" },
    { "UsdaId": 464, "name": "BLACK OLIVES" },
    { "UsdaId": 465, "name": "GREEN OLIVES" },
    { "UsdaId": 470, "name": "NETTLE" },
    { "UsdaId": 474, "name": "OYSTER" },
    { "UsdaId": 481, "name": "COPPA-STUFFED ROLLED PANCETTA" },
    { "UsdaId": 485, "name": "MILK BREAD" },
    { "UsdaId": 491, "name": "RYE BREAD" },
    { "UsdaId": 494, "name": "BREADCRUMBS" },
    { "UsdaId": 495, "name": "WHOLEWHEAT BREAD" },
    { "UsdaId": 496, "name": "TOASTED BREAD" },
    { "UsdaId": 499, "name": "CREAM" },
    { "UsdaId": 500, "name": "LONG-LIFE CREAM" },
    { "UsdaId": 504, "name": "PARMESAN CHEESE" },
    { "UsdaId": 511, "name": "SHORT PASTRY" },
    { "UsdaId": 512, "name": "PUFF PASTRY" },
    { "UsdaId": 516, "name": "POTATOES" },
    { "UsdaId": 518, "name": "EARLY POTATOES" },
    { "UsdaId": 525, "name": "ROMAN PECORINO CHEESE" },
    { "UsdaId": 527, "name": "BLACK PEPPER" },
    { "UsdaId": 531, "name": "PICKLED BELL PEPPERS" },
    { "UsdaId": 532, "name": "PEAR" },
    { "UsdaId": 533, "name": "PEACH" },
    { "UsdaId": 536, "name": "SWORDFISH" },
    { "UsdaId": 539, "name": "PINE NUTS" },
    { "UsdaId": 541, "name": "CANNED PEAS" },
    { "UsdaId": 543, "name": "FROZEN PEAS" },
    { "UsdaId": 559, "name": "SALAD TOMATOES" },
    { "UsdaId": 561, "name": "DRIED TOMATOES" },
    { "UsdaId": 567, "name": "GRAPEFRUIT" },
    { "UsdaId": 570, "name": "LEEKS" },
    { "UsdaId": 574, "name": "HAM" },
    { "UsdaId": 577, "name": "PROSCIUTTO" },
    { "UsdaId": 586, "name": "PRUNES (DRIED)" },
    { "UsdaId": 588, "name": "RED CHICORY" },
    { "UsdaId": 590, "name": "FROG" },
    { "UsdaId": 592, "name": "TURNIPS" },
    { "UsdaId": 593, "name": "RADISHES" },
    { "UsdaId": 595, "name": "RUM" },
    { "UsdaId": 597, "name": "RED CURRANT" },
    { "UsdaId": 598, "name": "SHEEP'S MILK RICOTTA" },
    { "UsdaId": 599, "name": "COW'S MILK RICOTTA" },
    { "UsdaId": 609, "name": "TURBOT" },
    { "UsdaId": 612, "name": "ROCKET" },
    { "UsdaId": 615, "name": "PORK SALAMI" },
    { "UsdaId": 622, "name": "HUNGARIAN SALAMI" },
    { "UsdaId": 625, "name": "SALMON" },
    { "UsdaId": 626, "name": "SMOKED SALMON" },
    { "UsdaId": 630, "name": "PORK SAUSAGE (FRESH)" },
    { "UsdaId": 631, "name": "PORK SAUSAGE (DRIED)" },
    { "UsdaId": 636, "name": "SALTED SARDINES" },
    { "UsdaId": 638, "name": "SHALLOT" },
    { "UsdaId": 642, "name": "MALT SYRUP" },
    { "UsdaId": 644, "name": "OYSTER-PLANT" },
    { "UsdaId": 646, "name": "CELERIAC" },
    { "UsdaId": 649, "name": "CUTTLEFISH" },
    { "UsdaId": 657, "name": "SOLE" },
    { "UsdaId": 662, "name": "CHEESE SLICES" },
    { "UsdaId": 664, "name": "BASS" },
    { "UsdaId": 665, "name": "SPINACH" },
    { "UsdaId": 717, "name": "BLACK TRUFFLE" },
    { "UsdaId": 729, "name": "TUNA" },
    { "UsdaId": 737, "name": "TORTELLINI (DRIED)" },
    { "UsdaId": 738, "name": "RED MULLET" },
    { "UsdaId": 739, "name": "TROUT" },
    { "UsdaId": 747, "name": "GRAPES" },
    { "UsdaId": 753, "name": "SWEET VERMOUTH" },
    { "UsdaId": 754, "name": "DRY VERMOUTH" },
    { "UsdaId": 755, "name": "WHITE WINE" },
    { "UsdaId": 757, "name": "RED WINE" },
    { "UsdaId": 768, "name": "CLAM" },
    { "UsdaId": 772, "name": "FRANKFURTER" },
    { "UsdaId": 781, "name": "SAFFRON" },
    { "UsdaId": 783, "name": "YELLOW SQUASH" },
    { "UsdaId": 784, "name": "SUGAR" },
    { "UsdaId": 786, "name": "ZUCCHINI" },
    { "UsdaId": 793, "name": "CARNE SALADA SALTED MEAT" },
    { "UsdaId": 794, "name": "BALSAMIC VINEGAR" },
    { "UsdaId": 799, "name": "NDUJA SAUSAGE" },
    { "UsdaId": 800, "name": "TOMATO SAUCE" },
    { "UsdaId": 802, "name": "BEEF" },
    { "UsdaId": 810, "name": "DURUM WHEAT PASTA" },
    { "UsdaId": 814, "name": "STAR ANISE" },
    { "UsdaId": 815, "name": "CLOVES" },
    { "UsdaId": 816, "name": "ICING SUGAR" },
    { "UsdaId": 817, "name": "WHITE PEPPER" },
    { "UsdaId": 818, "name": "SCALLOPS" },
    { "UsdaId": 828, "name": "CELARY" },
    { "UsdaId": 829, "name": "MUSTARD" },
    { "UsdaId": 830, "name": "SESAM" },
    { "UsdaId": 834, "name": "GINGER" },
    { "UsdaId": 863, "name": "TUSCAN PECORINO CHEESE" },
    { "UsdaId": 890, "name": "TUSCAN BREAD" },
    { "UsdaId": 952, "name": "LUSIA SALAD" },
    { "UsdaId": 981, "name": "BARAGGIA BIELLESE AND VERCELLESE RICE" },
    { "UsdaId": 1011, "name": "VAL DI NON APPLE" },
    { "UsdaId": 1083, "name": "TREVISO RED CHICORY" },
    { "UsdaId": 1087, "name": "VIALONE VERONESE DWARF RICE" },
    { "UsdaId": 1357, "name": "AROMATIC VINEGAR" },
    { "UsdaId": 1358, "name": "MALT VINEGAR" },
    { "UsdaId": 1359, "name": "APPLE VINEGAR" },
    { "UsdaId": 1360, "name": "WINE VINEGAR" },
    { "UsdaId": 1361, "name": "WHITE WINE VINEGAR" },
    { "UsdaId": 1362, "name": "RED WINE VINEGAR" },
    { "UsdaId": 1363, "name": "BRANDY" },
    { "UsdaId": 1366, "name": "GARLIC" },
    { "UsdaId": 1367, "name": "APRICOT IN SYRUP" },
    { "UsdaId": 1368, "name": "DRIED APRICOTS" },
    { "UsdaId": 1369, "name": "EGG WHITE" },
    { "UsdaId": 1371, "name": "ALCOHOL" },
    { "UsdaId": 1374, "name": "LAUREL" },
    { "UsdaId": 1375, "name": "SOUR BLACK CHERRIES IN SYRUP" },
    { "UsdaId": 1380, "name": "CORN STARCH" },
    { "UsdaId": 1381, "name": "CASHEW NUTS" },
    { "UsdaId": 1382, "name": "DILL" },
    { "UsdaId": 1384, "name": "ANISE" },
    { "UsdaId": 1385, "name": "SWEETBREADS" },
    { "UsdaId": 1389, "name": "PEANUTS" },
    { "UsdaId": 1390, "name": "CANDIED ORANGE" },
    { "UsdaId": 1391, "name": "AROMAS" },
    { "UsdaId": 1392, "name": "NATURAL FLAVORS" },
    { "UsdaId": 1394, "name": "ASPARAGUS" },
    { "UsdaId": 1397, "name": "JUNIPER BERRIES" },
    { "UsdaId": 1399, "name": "BEETROOT" },
    { "UsdaId": 1401, "name": "BECHAMEL SAUCE" },
    { "UsdaId": 1402, "name": "BIRCH" },
    { "UsdaId": 1404, "name": "BICARBONATE OF SODA" },
    { "UsdaId": 1405, "name": "BEER" },
    { "UsdaId": 1406, "name": "BISCUITS" },
    { "UsdaId": 1407, "name": "AMARETTI BISCUITS" },
    { "UsdaId": 1408, "name": "CAT TONGUE BISCUITS" },
    { "UsdaId": 1409, "name": "DRY BISCUITS" },
    { "UsdaId": 1415, "name": "BOTARGO" },
    { "UsdaId": 1416, "name": "MULLET BOTARGO" },
    { "UsdaId": 1420, "name": "BROCCOLI" },
    { "UsdaId": 1421, "name": "MEAT STOCK" },
    { "UsdaId": 1422, "name": "SHELLFISH STOCK" },
    { "UsdaId": 1423, "name": "BEEF STOCK" },
    { "UsdaId": 1424, "name": "FISH STOCK" },
    { "UsdaId": 1425, "name": "CHICKEN STOCK" },
    { "UsdaId": 1426, "name": "VEGETABLE STOCK" },
    { "UsdaId": 1429, "name": "BUTTER OIL" },
    { "UsdaId": 1430, "name": "CLARIFIED BUTTER" },
    { "UsdaId": 1431, "name": "COCOA BUTTER" },
    { "UsdaId": 1432, "name": "COCOA" },
    { "UsdaId": 1433, "name": "SWEETENED COCOA POWDER" },
    { "UsdaId": 1434, "name": "COFFEE" },
    { "UsdaId": 1441, "name": "MANTIS SHRIMP" },
    { "UsdaId": 1442, "name": "CAPERS" },
    { "UsdaId": 1445, "name": "CAPERS IN OIL" },
    { "UsdaId": 1446, "name": "CAPON" },
    { "UsdaId": 1447, "name": "STAR FRUIT" },
    { "UsdaId": 1449, "name": "CANNED ARTICHOKES" },
    { "UsdaId": 1450, "name": "CARDAMOM" },
    { "UsdaId": 1452, "name": "OSTRICH MEAT" },
    { "UsdaId": 1454, "name": "MINCED VEAL" },
    { "UsdaId": 1456, "name": "MINCED MEAT" },
    { "UsdaId": 1461, "name": "RACK OF LAMB" },
    { "UsdaId": 1462, "name": "CAROBS" },
    { "UsdaId": 1463, "name": "BLACK CAVIAR" },
    { "UsdaId": 1464, "name": "WHITE CABBAGE" },
    { "UsdaId": 1465, "name": "SAVOY CABBAGE" },
    { "UsdaId": 1466, "name": "CAYENNE PEPPER" },
    { "UsdaId": 1467, "name": "CHICKPEAS" },
    { "UsdaId": 1469, "name": "CITRON" },
    { "UsdaId": 1470, "name": "CHERVIL" },
    { "UsdaId": 1472, "name": "PICKLED CUCUMBERS" },
    { "UsdaId": 1478, "name": "WAFERS" },
    { "UsdaId": 1482, "name": "CHERRY" },
    { "UsdaId": 1483, "name": "BRANDIED CHERRIES" },
    { "UsdaId": 1484, "name": "MARASCHINO CHERRIES" },
    { "UsdaId": 1485, "name": "CANDIED CHERRY" },
    { "UsdaId": 1487, "name": "CHERRIES IN SYRUP" },
    { "UsdaId": 1488, "name": "CAULIFLOWER FLORET" },
    { "UsdaId": 1489, "name": "RAPINI" },
    { "UsdaId": 1491, "name": "CHOCOLATE" },
    { "UsdaId": 1492, "name": "ONION" },
    { "UsdaId": 1493, "name": "WHITE ONION" },
    { "UsdaId": 1494, "name": "RED TROPEA ONION" },
    { "UsdaId": 1496, "name": "RED ONION" },
    { "UsdaId": 1497, "name": "PICKLED BABY ONIONS" },
    { "UsdaId": 1499, "name": "SPRING ONION" },
    { "UsdaId": 1501, "name": "LEMONGRASS" },
    { "UsdaId": 1502, "name": "COCONUT" },
    { "UsdaId": 1503, "name": "SHRIMP TAILS" },
    { "UsdaId": 1504, "name": "PRAWN TAILS" },
    { "UsdaId": 1506, "name": "FISH GLUE" },
    { "UsdaId": 1508, "name": "DOUBLE CONCENTRATE TOMATO PUREE" },
    { "UsdaId": 1509, "name": "TOMATO PUREE" },
    { "UsdaId": 1511, "name": "CORIANDER" },
    { "UsdaId": 1513, "name": "BEEF HAM" },
    { "UsdaId": 1514, "name": "ENTREC\u00d4TE" },
    { "UsdaId": 1516, "name": "PORK RIND" },
    { "UsdaId": 1517, "name": "MUSSELS" },
    { "UsdaId": 1518, "name": "COCOA CREAM" },
    { "UsdaId": 1519, "name": "WHITE COCOA CREAM" },
    { "UsdaId": 1527, "name": "RICE CUSTARD" },
    { "UsdaId": 1528, "name": "CUSTARD" },
    { "UsdaId": 1530, "name": "TOASTS" },
    { "UsdaId": 1532, "name": "CUMIN" },
    { "UsdaId": 1533, "name": "PALMITO" },
    { "UsdaId": 1534, "name": "ARTICHOKE HEARTS" },
    { "UsdaId": 1537, "name": "TURMERIC" },
    { "UsdaId": 1539, "name": "VEGETABLE CUBE" },
    { "UsdaId": 1540, "name": "DATES" },
    { "UsdaId": 1541, "name": "TARRAGON" },
    { "UsdaId": 1543, "name": "EDAMER CHEESE" },
    { "UsdaId": 1546, "name": "CHIVES" },
    { "UsdaId": 1547, "name": "LEMON VERBENA" },
    { "UsdaId": 1549, "name": "ALMOND ESSENCE" },
    { "UsdaId": 1551, "name": "TAMARIND EXTRACT" },
    { "UsdaId": 1552, "name": "HARICOT BEANS" },
    { "UsdaId": 1553, "name": "ROMAN BEANS" },
    { "UsdaId": 1555, "name": "CANNELLINI BEANS" },
    { "UsdaId": 1558, "name": "FLOUR" },
    { "UsdaId": 1564, "name": "ALMOND FLOUR" },
    { "UsdaId": 1565, "name": "RYE FLOUR" },
    { "UsdaId": 1569, "name": "COCOA BEANS" },
    { "UsdaId": 1570, "name": "POTATO STARCH" },
    { "UsdaId": 1571, "name": "CHICKEN LIVERS" },
    { "UsdaId": 1572, "name": "VEAL LIVER" },
    { "UsdaId": 1574, "name": "VEAL TOP ROUND" },
    { "UsdaId": 1575, "name": "GRASS" },
    { "UsdaId": 1577, "name": "FENUGREEK" },
    { "UsdaId": 1584, "name": "CICELY" },
    { "UsdaId": 1589, "name": "ZUCCHINI FLOWER" },
    { "UsdaId": 1591, "name": "COW MILK CHEESE" },
    { "UsdaId": 1595, "name": "CREAMY CHEESE" },
    { "UsdaId": 1601, "name": "GORGONZOLA CHEESE" },
    { "UsdaId": 1602, "name": "GRANA CHEESE" },
    { "UsdaId": 1604, "name": "GRUYERE CHEESE" },
    { "UsdaId": 1607, "name": "SEMI-RIPE CHEESE" },
    { "UsdaId": 1608, "name": "PHILADELPHIA CREAM CHEESE" },
    { "UsdaId": 1609, "name": "PROVOLA CHEESE" },
    { "UsdaId": 1610, "name": "ROBIOLA CHEESE" },
    { "UsdaId": 1611, "name": "ROQUEFORT CHEESE" },
    { "UsdaId": 1612, "name": "SCAMORZA CHEESE" },
    { "UsdaId": 1614, "name": "TALEGGIO CHEESE" },
    { "UsdaId": 1615, "name": "NON-DAIRY CHEESE" },
    { "UsdaId": 1616, "name": "WILD STRAWBERRIES" },
    { "UsdaId": 1624, "name": "WILD FRUITS" },
    { "UsdaId": 1625, "name": "SEAFOOD" },
    { "UsdaId": 1627, "name": "MUSHROOMS IN OIL" },
    { "UsdaId": 1628, "name": "MUSHROOMS" },
    { "UsdaId": 1630, "name": "CHANTERELLE MUSHROOMS" },
    { "UsdaId": 1633, "name": "SHRIMPS" },
    { "UsdaId": 1634, "name": "KING PRAWNS" },
    { "UsdaId": 1637, "name": "GELATIN" },
    { "UsdaId": 1638, "name": "APRICOT JELLY" },
    { "UsdaId": 1639, "name": "CURRANT JELLY" },
    { "UsdaId": 1640, "name": "GELATIN SHEETS" },
    { "UsdaId": 1641, "name": "INSTANT GELATIN" },
    { "UsdaId": 1642, "name": "PLAIN ICE CREAM" },
    { "UsdaId": 1643, "name": "PLAIN ICE CREAM" },
    { "UsdaId": 1644, "name": "VANILLA ICE CREAM" },
    { "UsdaId": 1645, "name": "LEMON ICE CREAM" },
    { "UsdaId": 1646, "name": "BAMBOO SHOOTS" },
    { "UsdaId": 1647, "name": "SOY SPROUTS" },
    { "UsdaId": 1653, "name": "APRICOT GLAZE" },
    { "UsdaId": 1654, "name": "CHOCOLATE GLAZE" },
    { "UsdaId": 1655, "name": "GLUCOSE" },
    { "UsdaId": 1657, "name": "CHOCOLATE CHIPS" },
    { "UsdaId": 1664, "name": "CHEEK LARD" },
    { "UsdaId": 1667, "name": "BELGIAN ENDIVE" },
    { "UsdaId": 1675, "name": "SMOKED LARD" },
    { "UsdaId": 1677, "name": "MILK" },
    { "UsdaId": 1680, "name": "COCONUT MILK" },
    { "UsdaId": 1682, "name": "FULL-FAT POWDERED MILK" },
    { "UsdaId": 1684, "name": "SKIMMED POWDERED MILK" },
    { "UsdaId": 1685, "name": "LAVENDER" },
    { "UsdaId": 1687, "name": "LENTILS" },
    { "UsdaId": 1688, "name": "YEAST" },
    { "UsdaId": 1689, "name": "BREWER'S YEAST" },
    { "UsdaId": 1691, "name": "VANILLA-FLAVOURED BAKING POWDER" },
    { "UsdaId": 1703, "name": "SMOKED LOIN OF PORK" },
    { "UsdaId": 1704, "name": "LOIN OF PORK" },
    { "UsdaId": 1706, "name": "TRENTINO LUCANICA SAUSAGE" },
    { "UsdaId": 1707, "name": "LUPINS" },
    { "UsdaId": 1708, "name": "HOP" },
    { "UsdaId": 1709, "name": "MACE" },
    { "UsdaId": 1711, "name": "PORK" },
    { "UsdaId": 1713, "name": "MALT" },
    { "UsdaId": 1714, "name": "CORN MALT" },
    { "UsdaId": 1716, "name": "KUMQUAT" },
    { "UsdaId": 1717, "name": "TANGERINE" },
    { "UsdaId": 1718, "name": "ALMOND" },
    { "UsdaId": 1719, "name": "BITTER ALMOND" },
    { "UsdaId": 1721, "name": "MARASCHINO LIQUEUR" },
    { "UsdaId": 1722, "name": "JAM" },
    { "UsdaId": 1723, "name": "APRICOT JAM" },
    { "UsdaId": 1724, "name": "SOUR CHERRY JAM" },
    { "UsdaId": 1725, "name": "ORANGE MARMALADE" },
    { "UsdaId": 1726, "name": "CHESTNUT JAM" },
    { "UsdaId": 1727, "name": "RASPBERRY JAM" },
    { "UsdaId": 1728, "name": "PEACH JAM" },
    { "UsdaId": 1730, "name": "MARRONS GLAC\u00c9S" },
    { "UsdaId": 1733, "name": "WHITE SHRIMPS" },
    { "UsdaId": 1734, "name": "POMEGRANATE" },
    { "UsdaId": 1736, "name": "OBLONG EGGPLANT" },
    { "UsdaId": 1737, "name": "RENNET APPLE" },
    { "UsdaId": 1738, "name": "MOLASSES" },
    { "UsdaId": 1739, "name": "GRANNY SMITH APPLE" },
    { "UsdaId": 1740, "name": "GOLDEN APPLE" },
    { "UsdaId": 1741, "name": "LEMON-BALM" },
    { "UsdaId": 1742, "name": "MELON" },
    { "UsdaId": 1743, "name": "MINT" },
    { "UsdaId": 1744, "name": "PENNYROYAL" },
    { "UsdaId": 1745, "name": "OX BONE MARROW" },
    { "UsdaId": 1746, "name": "ACACIA HONEY" },
    { "UsdaId": 1747, "name": "DANDELION HONEY" },
    { "UsdaId": 1749, "name": "MIXED GREEN SALAD" },
    { "UsdaId": 1754, "name": "INSIDE OF LOAF" },
    { "UsdaId": 1756, "name": "BLACKBERRY" },
    { "UsdaId": 1758, "name": "MUSCKY OCTOPUS" },
    { "UsdaId": 1759, "name": "SWEET FRUIT PICKLES" },
    { "UsdaId": 1760, "name": "CITRON PICKLE" },
    { "UsdaId": 1762, "name": "CONCENTRATED GRAPE MUST" },
    { "UsdaId": 1766, "name": "HAKE" },
    { "UsdaId": 1767, "name": "WALNUTS" },
    { "UsdaId": 1769, "name": "OIL" },
    { "UsdaId": 1770, "name": "PEANUT OIL" },
    { "UsdaId": 1771, "name": "SUNFLOWER OIL" },
    { "UsdaId": 1772, "name": "CORN OIL" },
    { "UsdaId": 1773, "name": "ALMOND OIL" },
    { "UsdaId": 1774, "name": "SEED OIL" },
    { "UsdaId": 1775, "name": "SESAME SEED OIL" },
    { "UsdaId": 1776, "name": "EXTRA VIRGIN OLIVE OIL" },
    { "UsdaId": 1777, "name": "OLIVE" },
    { "UsdaId": 1779, "name": "GAETA OLIVES" },
    { "UsdaId": 1783, "name": "GILTHEAD BREAM" },
    { "UsdaId": 1785, "name": "SANDWICH BREAD" },
    { "UsdaId": 1788, "name": "BREAD" },
    { "UsdaId": 1791, "name": "HOMEMADE BREAD" },
    { "UsdaId": 1793, "name": "BLACK BREAD" },
    { "UsdaId": 1794, "name": "BREAD ROLLS" },
    { "UsdaId": 1795, "name": "WHIPPED CREAM" },
    { "UsdaId": 1796, "name": "NON-DAIRY CREAM" },
    { "UsdaId": 1797, "name": "PAPAYA" },
    { "UsdaId": 1798, "name": "HOT PAPRIKA" },
    { "UsdaId": 1799, "name": "SWEET PAPRIKA" },
    { "UsdaId": 1800, "name": "PULPED TOMATOES" },
    { "UsdaId": 1801, "name": "HAZELNUT PASTA" },
    { "UsdaId": 1802, "name": "BRICK PASTRY" },
    { "UsdaId": 1803, "name": "SHORT CRUST PASTRY" },
    { "UsdaId": 1804, "name": "ANCHOVY PASTE" },
    { "UsdaId": 1805, "name": "OLIVE PASTE" },
    { "UsdaId": 1806, "name": "COCOA PASTE" },
    { "UsdaId": 1807, "name": "ALMOND PASTE" },
    { "UsdaId": 1808, "name": "WALNUT PASTA" },
    { "UsdaId": 1809, "name": "BLACK TRUFFLE PASTA" },
    { "UsdaId": 1814, "name": "PEPPER" },
    { "UsdaId": 1816, "name": "RED CHILI PEPPER" },
    { "UsdaId": 1820, "name": "DRIED CHILI PEPPERS" },
    { "UsdaId": 1824, "name": "BELL PEPPER" },
    { "UsdaId": 1825, "name": "YELLOW BELL PEPPER" },
    { "UsdaId": 1826, "name": "RED BELL PEPPER" },
    { "UsdaId": 1828, "name": "BELL PEPPERS IN OIL" },
    { "UsdaId": 1829, "name": "GREEN BELL PEPPER" },
    { "UsdaId": 1831, "name": "PINK PEPPER" },
    { "UsdaId": 1832, "name": "GREEN PEPPER" },
    { "UsdaId": 1835, "name": "PEACHES IN SYRUP" },
    { "UsdaId": 1838, "name": "DUCK BREAST" },
    { "UsdaId": 1840, "name": "CHICKEN BREAST" },
    { "UsdaId": 1841, "name": "SWEET PEAS" },
    { "UsdaId": 1842, "name": "PISTACHIOS" },
    { "UsdaId": 1844, "name": "OCTOPUSES" },
    { "UsdaId": 1845, "name": "CHICKEN" },
    { "UsdaId": 1849, "name": "VENISON MUSCLE" },
    { "UsdaId": 1852, "name": "CRAB MEAT" },
    { "UsdaId": 1853, "name": "PORK MUSCLE" },
    { "UsdaId": 1854, "name": "BEEF MUSCLE" },
    { "UsdaId": 1855, "name": "CRUSHED TOMATOES" },
    { "UsdaId": 1856, "name": "VEAL MUSCLE" },
    { "UsdaId": 1857, "name": "CAROB POWDER" },
    { "UsdaId": 1858, "name": "CHERRY TOMATOES" },
    { "UsdaId": 1862, "name": "PACHINO CHERRY TOMATOES" },
    { "UsdaId": 1863, "name": "PEELED TOMATOES" },
    { "UsdaId": 1865, "name": "VINE TOMATOES" },
    { "UsdaId": 1866, "name": "GREEN TOMATOES" },
    { "UsdaId": 1867, "name": "TOMATO" },
    { "UsdaId": 1869, "name": "DATE TOMATOES" },
    { "UsdaId": 1876, "name": "ASPARAGUS TIPS" },
    { "UsdaId": 1878, "name": "RHUBARB" },
    { "UsdaId": 1879, "name": "CHICORY" },
    { "UsdaId": 1881, "name": "HORSERADISH" },
    { "UsdaId": 1882, "name": "CHICKEN GIBLETS" },
    { "UsdaId": 1883, "name": "CURRANT" },
    { "UsdaId": 1884, "name": "RICOTTA CHEESE" },
    { "UsdaId": 1885, "name": "SMOKED RICOTTA CHEESE" },
    { "UsdaId": 1886, "name": "ROMAN RICOTTA CHEESE" },
    { "UsdaId": 1887, "name": "SALTED RICOTTA CHEESE" },
    { "UsdaId": 1888, "name": "CARNAROLI RICE" },
    { "UsdaId": 1889, "name": "KIDNEY" },
    { "UsdaId": 1895, "name": "SALAMI" },
    { "UsdaId": 1896, "name": "SMALL SALAMI" },
    { "UsdaId": 1903, "name": "VINEGAR SAUCE" },
    { "UsdaId": 1904, "name": "SOY SAUCE" },
    { "UsdaId": 1907, "name": "KETCHUP" },
    { "UsdaId": 1908, "name": "WORCESTER SAUCE" },
    { "UsdaId": 1909, "name": "PROSCIUTTO SAUSAGES" },
    { "UsdaId": 1912, "name": "JOHN DORY" },
    { "UsdaId": 1913, "name": "SAVORY" },
    { "UsdaId": 1916, "name": "SARDINES IN OIL" },
    { "UsdaId": 1917, "name": "PRAWNS" },
    { "UsdaId": 1918, "name": "SOUR CHERRY SYRUP" },
    { "UsdaId": 1919, "name": "ORGEAT SYRUP" },
    { "UsdaId": 1920, "name": "STRAWBERRY SYRUP" },
    { "UsdaId": 1921, "name": "GLUCOSE SYRUP" },
    { "UsdaId": 1922, "name": "GRENADINE SYRUP" },
    { "UsdaId": 1923, "name": "LEMON SYRUP" },
    { "UsdaId": 1924, "name": "TANGERINE SYRUP" },
    { "UsdaId": 1925, "name": "SUGAR SYRUP" },
    { "UsdaId": 1926, "name": "RED SCORPIONFISH" },
    { "UsdaId": 1927, "name": "ORANGE PEEL" },
    { "UsdaId": 1928, "name": "LIME PEEL" },
    { "UsdaId": 1931, "name": "WHITE CELERY" },
    { "UsdaId": 1932, "name": "GREEN CELERY" },
    { "UsdaId": 1933, "name": "SELTERS" },
    { "UsdaId": 1937, "name": "FENNEL SEEDS" },
    { "UsdaId": 1938, "name": "CHIA SEEDS" },
    { "UsdaId": 1939, "name": "POPPY SEEDS" },
    { "UsdaId": 1940, "name": "MUSTARD SEEDS" },
    { "UsdaId": 1941, "name": "WHEAT FLOUR" },
    { "UsdaId": 1942, "name": "SEMOLINA" },
    { "UsdaId": 1945, "name": "SWEET MUSTARD" },
    { "UsdaId": 1946, "name": "STRONG MUSTARD" },
    { "UsdaId": 1947, "name": "FRENCH MUSTARD" },
    { "UsdaId": 1948, "name": "ENGLISH MUSTARD" },
    { "UsdaId": 1949, "name": "SPICY MUSTARD" },
    { "UsdaId": 1955, "name": "SOY" },
    { "UsdaId": 1957, "name": "PICKLED VEGETABLES" },
    { "UsdaId": 1965, "name": "APRICOT JUICE" },
    { "UsdaId": 1966, "name": "PINEAPPLE JUICE" },
    { "UsdaId": 1967, "name": "ORANGE JUICE" },
    { "UsdaId": 1968, "name": "CLEAR GRAPE JUICE" },
    { "UsdaId": 1969, "name": "BANANA JUICE" },
    { "UsdaId": 1970, "name": "BEETROOT JUICE" },
    { "UsdaId": 1971, "name": "CARROT JUICE" },
    { "UsdaId": 1972, "name": "CITRON JUICE" },
    { "UsdaId": 1973, "name": "CHERRY JUICE" },
    { "UsdaId": 1974, "name": "FIG JUICE" },
    { "UsdaId": 1975, "name": "FENNEL JUICE" },
    { "UsdaId": 1976, "name": "STRAWBERRY JUICE" },
    { "UsdaId": 1977, "name": "KIWI JUICE" },
    { "UsdaId": 1978, "name": "RASPBERRY JUICE" },
    { "UsdaId": 1979, "name": "LIME JUICE" },
    { "UsdaId": 1980, "name": "LEMON JUICE" },
    { "UsdaId": 1981, "name": "LITCHEE JUICE" },
    { "UsdaId": 1982, "name": "CLEMENTINE JUICE" },
    { "UsdaId": 1983, "name": "MANGO JUICE" },
    { "UsdaId": 1984, "name": "APPLE JUICE" },
    { "UsdaId": 1985, "name": "BLUEBERRY JUICE" },
    { "UsdaId": 1986, "name": "PAPAYA JUICE" },
    { "UsdaId": 1987, "name": "BELL PEPPER JUICE" },
    { "UsdaId": 1988, "name": "PEAR JUICE" },
    { "UsdaId": 1989, "name": "PEACH JUICE" },
    { "UsdaId": 1990, "name": "TOMATO JUICE" },
    { "UsdaId": 1991, "name": "CURRANT JUICE" },
    { "UsdaId": 1992, "name": "CELERY JUICE" },
    { "UsdaId": 1993, "name": "PUMPKIN JUICE" },
    { "UsdaId": 1996, "name": "SNOWPEAS" },
    { "UsdaId": 2001, "name": "TEA" },
    { "UsdaId": 2002, "name": "THYME" },
    { "UsdaId": 2006, "name": "JERUSALEM ARTICHOKE" },
    { "UsdaId": 2008, "name": "TOSELLA CHEESE" },
    { "UsdaId": 2014, "name": "EGG YOLK" },
    { "UsdaId": 2015, "name": "EGGS" },
    { "UsdaId": 2016, "name": "LUMPFISH ROE" },
    { "UsdaId": 2019, "name": "HARD BOILED EGGS" },
    { "UsdaId": 2022, "name": "WHITE GRAPES" },
    { "UsdaId": 2023, "name": "RED GRAPES" },
    { "UsdaId": 2024, "name": "RAISINS" },
    { "UsdaId": 2025, "name": "SULTANAS" },
    { "UsdaId": 2026, "name": "VANILLA" },
    { "UsdaId": 2028, "name": "VANILLIN" },
    { "UsdaId": 2033, "name": "WHITE VERMOUTH" },
    { "UsdaId": 2034, "name": "RED VERMOUTH" },
    { "UsdaId": 2037, "name": "WINE" },
    { "UsdaId": 2038, "name": "BAROLO WINE" },
    { "UsdaId": 2039, "name": "SWEET WHITE WINE" },
    { "UsdaId": 2040, "name": "DRY WHITE WINE" },
    { "UsdaId": 2041, "name": "CHAMPAGNE" },
    { "UsdaId": 2043, "name": "MADERA WINE" },
    { "UsdaId": 2045, "name": "MOSCATO WINE" },
    { "UsdaId": 2046, "name": "PORT" },
    { "UsdaId": 2047, "name": "RED PORT" },
    { "UsdaId": 2049, "name": "DRY RED WINE" },
    { "UsdaId": 2050, "name": "SPUMANTE" },
    { "UsdaId": 2051, "name": "ASTI SPUMANTE" },
    { "UsdaId": 2052, "name": "SPUMANTE BRUT" },
    { "UsdaId": 2053, "name": "VERDUZZO" },
    { "UsdaId": 2054, "name": "VIN SANTO SWEET WINE" },
    { "UsdaId": 2055, "name": "CARPET SHELL CLAMS" },
    { "UsdaId": 2056, "name": "PORK FRANKFURTER" },
    { "UsdaId": 2058, "name": "YOGHURT" },
    { "UsdaId": 2062, "name": "LOW-FAT YOGHURT" },
    { "UsdaId": 2064, "name": "CANE SUGAR" },
    { "UsdaId": 2067, "name": "VANILLA SUGAR" }
  ]
}